Second Insertion,1,2,3,4,5,6,7,8,9,10,11,12,13,14,15,16,17,18,19,20,21,22,23,24,25,26,27,28,29,30,31,32,33,34,35,36,37,38,39,40,41,42,43,44,45,46,47,48,49,50,51,52,53,54,55,56,57,58,59,60,61,62,63,64,65,66,67,68,69,70,71,72,73,74,75,76,77,78,79,80,81,82,83,84,85,86,87,88,89,90,91,92,93,94,95,96,97,98,99,100,101
1,0,4896,4882,4631,4699,5651,6936,6448,6031,6994,8065,8721,11189,13864,13923,16339,12022,10734,10373,11842,11936,12985,12330,13925,13436,11881,10589,10501,10995,12582,14867,16066,19176,20212,17631,13769,11746,12295,12055,11088,10554,9876,10378,10787,11134,10751,11619,12733,11817,11462,7214,6489,6725,7029,8214,9485,11572,11146,12430,13372,11677,11378,12008,12116,11026,10299,10267,10717,9295,9466,10524,11808,11426,12959,14212,17988,19631,17436,16264,13630,12967,13625,13483,14186,17065,16737,16304,15583,13436,15673,16746,12927,12965,13425,12453,11553,10933,9543,8143,8289,7267
2,0,0,4502,4652,4575,5428,6738,6457,6210,6801,8335,8920,10583,14278,15011,16533,12198,10875,10252,11857,12068,13087,12138,13986,13807,11742,10625,10245,11159,12581,14749,16102,19664,20467,17731,14269,11840,12393,12288,10874,10529,9672,10288,10543,11005,10684,11790,12403,11548,11032,7201,6224,6744,6600,7899,9390,11529,10997,12357,13268,11693,11325,11906,12188,11400,10780,10487,10781,9224,9648,10640,12223,11543,13297,14987,18474,19347,17569,16120,13383,12834,13485,13362,14107,17015,16757,16506,15748,13500,15679,17026,13094,13135,13542,12626,11662,11138,9796,8338,8265,7565
3,0,0,0,4900,4896,5508,6929,6480,6306,6966,8583,8357,10620,15038,14947,16109,11965,10460,10347,11992,11949,12796,12370,13941,13478,11699,10566,10330,11058,12481,14589,15903,19545,20045,17405,13954,11469,11970,12167,11007,10263,9375,10055,10701,10917,10574,11807,12025,11479,10885,6914,6144,6260,6607,7828,9132,11165,10762,12747,13372,11462,11103,11723,12401,11615,11211,10747,11500,9401,9906,11204,12467,11635,13035,14419,18124,19468,17544,16058,13246,12623,13193,13064,13946,17038,16676,16751,15865,13584,16070,17364,13519,13379,13849,12921,12060,11580,9897,8679,8190,7712
4,0,0,0,0,4555,5683,6483,6158,6218,7135,8377,8204,10782,14791,14905,16176,13311,10326,10402,11709,11858,12999,11948,13670,13621,11533,10322,10394,11121,12402,14453,16069,19644,20249,17509,14129,11915,12415,12318,11188,10651,9868,10328,10854,11155,10746,11713,12376,11645,10950,6956,6256,6333,6882,8182,9491,11610,11237,12782,13485,12041,11344,11961,13024,11530,11082,11557,11375,9518,10381,11442,12520,12108,13263,14243,18378,19549,17667,16319,13359,12531,13124,12920,13748,16669,16634,16765,15572,13887,16124,17332,13500,13576,14135,13213,12446,11552,10109,8912,8758,7930
5,0,0,0,0,0,5074,6003,5345,5529,6399,7583,8274,10667,13576,14544,15853,13796,10913,10626,11608,11690,12353,11414,13271,12845,10945,9874,9832,10829,12208,14325,15733,18688,19562,17215,13813,11951,12330,12759,11429,10939,10086,10576,11105,11452,11051,11965,12421,11871,11111,7337,6395,6721,6851,8307,9609,11482,11211,13034,13684,11986,11633,12330,12571,11682,11515,11366,11311,9518,10214,11324,12841,12263,13725,14669,18113,19167,17454,15875,13265,12657,12860,12369,13185,16273,15763,15812,15158,13551,15650,16971,13384,13448,13822,13203,12510,11666,10717,9043,8767,7918
6,0,0,0,0,0,0,4773,4869,4980,5614,6611,7660,10570,13790,12875,15356,12789,10899,9647,11230,11630,12461,11507,12891,12245,10314,9380,9514,10287,11582,13806,14760,18396,19180,16971,13391,11729,12422,12285,11128,10667,9820,10518,10892,10994,10951,11758,12172,11160,10833,7036,6007,6434,6972,7983,9523,11420,11474,12834,13397,11894,11438,12236,13017,11694,10638,10941,10789,9073,9882,10996,12259,11603,13095,14064,17766,18751,17153,15912,13156,12339,12532,12331,12852,15922,15375,15605,14360,12866,15168,16387,12915,13105,13316,12687,11918,11467,10313,8524,8498,8123
7,0,0,0,0,0,0,0,3867,4102,4646,5879,6744,10085,11498,11225,12351,12854,9642,9101,9925,10709,11662,10583,11722,11431,9319,8595,8962,9430,10997,12996,14019,17649,18255,16402,13114,11316,11917,11767,10696,9993,9142,9876,10362,10415,10205,11551,11612,10473,9837,6378,5519,5640,6355,7655,8908,10854,10494,12082,12942,11232,10965,11690,12030,10814,10013,10436,10506,8444,9355,10303,11629,11273,12623,13665,16837,17866,16058,15123,12659,11890,11787,11491,12047,14962,14744,14880,13380,12074,14212,15394,11945,12031,12430,11843,11080,10644,9492,8135,7784,7644
8,0,0,0,0,0,0,0,0,2867,3750,4734,6555,8885,9423,9344,9106,8900,8387,7438,8761,8644,10152,9595,10215,10051,8360,7774,8372,8675,10279,11917,13264,16823,17385,15271,11789,10245,10661,10915,10051,9526,8298,9095,9374,9663,9450,10671,10936,9834,9049,5613,4625,5100,5388,6703,8150,10066,9634,11158,12019,10704,10200,10556,11495,9515,9054,8517,8618,7461,8284,9429,10869,10785,12094,13121,16488,17229,15361,14153,11668,10913,10998,10503,10991,14226,13845,14024,13017,11648,13760,14766,11182,11686,11705,11365,10627,10060,9097,7535,7051,6667
9,0,0,0,0,0,0,0,0,0,3354,4265,6094,8788,9653,9170,8896,8503,7400,7519,8359,8154,7749,8979,9920,9592,8208,7648,8669,9142,10818,12095,13422,16906,17263,14809,11700,10012,10798,11256,10213,9914,8798,9911,10067,10264,10001,10840,10912,10307,9499,6101,5491,5919,5772,7031,8562,10406,9883,11297,12330,10698,10463,11217,11185,9533,9099,8433,8901,7416,8254,9354,10881,11074,12585,13333,16652,17376,15506,14068,11611,10953,10739,10256,10708,13722,13768,13687,12766,11867,14133,14756,11471,11949,12254,11825,11213,10592,9730,7942,7722,7646
10,0,0,0,0,0,0,0,0,0,0,4285,6310,8327,9321,8770,8989,8334,7249,7059,7438,7372,7919,7496,10607,9776,9103,8714,9665,10133,11842,13342,14824,16953,17374,15344,12817,11207,12297,12707,11626,11556,10629,11353,12011,12007,11537,12804,12802,11798,11048,7977,6970,7095,7709,8784,10168,12118,11256,12727,13707,12788,12425,12694,12390,9844,8530,9536,9297,8246,9002,10172,11627,11938,13662,14169,17709,18224,16162,15173,12957,12169,11528,10744,11267,13686,13694,13361,13159,12695,14527,14683,12106,12844,12702,12809,12297,11827,11053,9444,9303,8992
11,0,0,0,0,0,0,0,0,0,0,0,0,0,0,0,0,0,0,0,0,0,0,0,0,0,0,0,0,0,0,0,0,0,0,0,0,0,0,0,0,0,0,0,0,0,0,0,0,0,0,0,0,0,0,0,0,0,0,0,0,0,0,0,0,0,0,0,0,0,0,0,0,0,0,0,0,0,0,0,0,0,0,0,0,0,0,0,0,0,0,0,0,0,0,0,0,0,0,0,0,0
12,0,0,0,0,0,0,0,0,0,0,0,0,7446,8146,8527,9623,9388,9090,7408,6457,6531,6591,6837,9591,10087,10313,11421,11808,12435,13753,14917,15847,17539,17328,15915,14038,13102,13818,14050,14091,13931,13450,14203,14338,14656,14323,14888,15293,14172,13621,10787,10180,10145,10649,11810,12883,14277,13533,15186,15515,13836,13305,12322,12223,10512,9146,9415,9442,8312,9021,9710,11177,11362,13405,14340,17400,18402,16943,16531,15152,14200,13746,13074,12788,14006,13117,12846,12523,13213,14536,13993,12502,13042,13059,13429,13180,12829,12157,11709,11838,11382
13,0,0,0,0,0,0,0,0,0,0,0,0,0,8438,9061,10600,11095,9434,8758,8291,6389,7264,7064,8592,9719,11181,13098,13112,13621,14381,15891,15681,17142,17303,15997,14457,13533,14257,15091,15062,14826,14144,15390,15356,15498,15127,15813,15834,15973,14989,12673,12205,11621,12573,13181,13532,14856,14382,15090,15520,14213,13544,12138,11691,10726,10348,11169,11141,10040,9597,10819,11983,12004,13836,14728,17645,18022,16876,16874,15870,15309,14558,14095,13704,14031,13843,12835,12204,13902,15337,14733,13512,14156,14172,15018,14838,14225,14077,13352,13146,13130
14,0,0,0,0,0,0,0,0,0,0,0,0,0,0,7851,9400,10024,8819,6525,6594,6490,8851,9048,10033,11749,12093,13411,14085,15187,15921,16983,17325,18574,18263,16019,14831,13812,14193,14908,14412,14589,14507,14847,15510,15870,15491,15826,16762,16350,15601,14173,13015,13333,13497,13653,14546,15727,14721,15537,15253,14639,13177,12376,11755,11350,11003,11580,11883,10983,11205,12098,12706,12815,14685,15385,18707,18769,17865,17376,16534,15576,15645,15282,15022,14966,15220,14221,14313,15120,16034,16059,14474,15245,15349,15708,15812,15730,15024,14524,14759,14853
15,0,0,0,0,0,0,0,0,0,0,0,0,0,0,0,11080,10863,8665,7262,7623,8461,11308,9759,13971,13102,14827,14318,15930,16393,18361,19011,18388,19299,18784,16808,14730,13767,14606,15298,15233,15197,15570,15545,15889,15865,16085,16955,17413,18065,17724,16039,15329,15082,15169,15111,15067,16384,15436,15933,15578,14705,13951,12856,12196,11475,11887,13548,14630,13678,13266,14483,14944,14818,15784,16157,19102,19207,18447,18102,17131,16493,16570,16664,16891,16697,16568,16196,16716,17404,18022,18089,17547,17528,17978,18478,18720,18049,17518,17306,17345,17503
16,0,0,0,0,0,0,0,0,0,0,0,0,0,0,0,0,7620,7109,6211,7668,8748,12339,12342,13003,14458,12440,14393,14321,14930,15036,17805,17997,19290,18830,16185,12956,11556,11694,12184,11957,12027,11452,12042,12425,12791,12844,14261,14833,14564,14735,11230,10347,10873,11022,11466,12157,13506,12655,13135,13297,12262,11269,10332,10285,9235,9029,10657,11878,10154,10803,11432,12185,12113,13487,14528,17760,18267,17322,16659,15060,14354,15029,15577,16096,16731,16365,16339,16482,16137,17074,16943,14992,14904,15309,15642,15222,14479,13308,12831,12903,13354
17,0,0,0,0,0,0,0,0,0,0,0,0,0,0,0,0,0,6660,6702,7775,9561,12545,12805,14534,13265,14119,11831,13876,13390,13595,15803,17411,18836,18621,15726,12267,10550,10463,10883,10545,10321,10055,10588,11294,11587,11689,13033,13762,13568,13630,9946,9019,9306,9398,9883,10310,12039,11647,12297,12410,11158,10331,9662,9994,9054,9154,10466,11429,9389,9386,10432,11386,11368,13029,14303,17438,17491,16336,15747,13777,12820,13650,14442,14893,15842,16093,16113,16294,15256,16412,16935,14242,13914,14950,14883,14623,13634,12275,11584,11641,12112
18,0,0,0,0,0,0,0,0,0,0,0,0,0,0,0,0,0,0,7403,8018,10159,12979,12725,14870,14605,11894,13168,12333,13699,12322,14823,17860,19094,19020,16016,12843,10841,11055,11576,11431,11345,10993,11754,12172,12606,12657,13938,14754,13915,13548,9896,8698,8970,9262,10273,11160,13328,12583,13661,13755,12201,11353,10398,10438,9514,8985,9832,10498,8860,8657,9821,11203,11271,13005,14126,18146,18630,17348,16473,14392,13479,13952,14346,14719,16335,15966,15816,15871,15498,16485,16619,14277,14281,14487,14216,13767,12805,11777,11232,11337,11745
19,0,0,0,0,0,0,0,0,0,0,0,0,0,0,0,0,0,0,0,7574,9655,11934,12091,14657,14084,13299,11934,12769,12377,12924,13958,16498,18643,18646,15511,12809,11112,11656,12502,12158,12162,12052,12701,13110,13404,13377,14357,15290,14907,14324,11394,10659,10691,10508,11046,11698,13564,13448,14229,13933,12900,12436,11622,11839,10683,10842,10623,11696,10175,10615,11427,12944,12956,14666,14573,18594,18661,17628,16558,14510,13331,13421,13852,14316,15916,16088,15782,16106,16312,17368,17586,15751,16119,16281,16039,15377,14660,13633,13179,13210,13349
20,0,0,0,0,0,0,0,0,0,0,0,0,0,0,0,0,0,0,0,0,8092,10462,10688,12959,12255,11420,11085,11036,12331,10728,11535,14288,13849,17536,15200,12647,11578,12493,12974,12964,13201,13223,13797,14116,14167,13982,15013,15398,14603,13962,11654,11018,10800,10902,11384,12141,13870,13543,14579,14696,13884,13310,13109,13031,11528,11112,11672,12154,10711,11030,12249,13608,13651,15129,15954,18501,18689,17092,16488,14507,13511,12963,12833,13372,14920,14870,14692,14594,15791,16834,16815,15207,16190,15802,15923,15582,14921,14220,13394,13441,13166
21,0,0,0,0,0,0,0,0,0,0,0,0,0,0,0,0,0,0,0,0,0,9729,9973,11666,10967,10609,11051,11568,11217,11095,8921,11163,12843,13522,13302,12932,11821,12804,13626,13589,13774,13960,14580,14999,14870,14574,15031,15417,14799,14112,12616,12031,12038,11725,12008,12637,14122,14227,14683,14875,14581,14366,14181,14052,12694,12345,12627,12978,12158,12616,13534,14499,14935,16135,15974,18651,18288,16614,16094,14451,13736,13099,12470,11858,14311,13882,14291,13585,15727,17215,17137,16094,16419,16767,17189,16536,16204,15791,14797,14622,14380
22,0,0,0,0,0,0,0,0,0,0,0,0,0,0,0,0,0,0,0,0,0,0,9576,10908,10935,11630,11792,12143,12127,10044,8795,7605,9299,10826,11601,12063,11755,13058,13505,13749,14006,14060,14758,14853,15082,14548,14904,14725,14014,13101,11952,11483,11568,11276,12018,12437,13851,13537,14267,14673,14565,14475,13917,13787,12240,11582,11739,12306,11623,11827,12947,13966,14067,15353,15707,17137,16806,14876,15030,14195,13389,12917,11831,11278,12467,12064,12231,12461,14084,15900,15630,13676,14058,14993,15957,15899,15416,14815,13972,13665,13410
23,0,0,0,0,0,0,0,0,0,0,0,0,0,0,0,0,0,0,0,0,0,0,0,0,0,0,0,0,0,0,0,0,0,0,0,0,0,0,0,0,0,0,0,0,0,0,0,0,0,0,0,0,0,0,0,0,0,0,0,0,0,0,0,0,0,0,0,0,0,0,0,0,0,0,0,0,0,0,0,0,0,0,0,0,0,0,0,0,0,0,0,0,0,0,0,0,0,0,0,0,0
24,0,0,0,0,0,0,0,0,0,0,0,0,0,0,0,0,0,0,0,0,0,0,0,0,10095,11482,12069,12218,12163,11873,8590,7668,5646,9907,9861,12199,12567,14708,16373,16270,16373,16264,16457,16528,16585,15966,15861,15433,14352,14290,13283,13174,13230,13034,13786,14302,15179,14947,15787,16779,16197,16057,16261,16355,14018,13246,13321,13667,13420,13635,13950,14155,14355,15102,15281,17326,17712,16696,16563,15856,15237,14656,13170,11810,12426,11777,12484,12643,13109,14546,14798,13431,13696,14209,14911,15004,15328,14901,13931,13586,13087
25,0,0,0,0,0,0,0,0,0,0,0,0,0,0,0,0,0,0,0,0,0,0,0,0,0,9186,9451,10086,10364,9818,9642,8266,6704,6641,8879,9945,11642,12788,14834,14976,14538,14583,14768,14897,14956,14282,14345,13708,12487,12306,11253,10838,10886,11116,11667,12548,13573,13109,14177,15355,14586,14828,15401,15960,13932,13276,13159,13329,13016,13422,13651,14042,13551,14481,15143,16557,17027,16046,15684,14459,13828,13051,12146,11580,12042,11644,12573,12744,12277,14163,14878,12787,13015,13748,14039,13723,14132,13715,12500,11909,11485
26,0,0,0,0,0,0,0,0,0,0,0,0,0,0,0,0,0,0,0,0,0,0,0,0,0,0,8488,9280,9795,10024,10882,10181,9108,6542,8751,10854,10947,12200,13482,14401,14221,13435,14137,14156,14251,13755,13733,13071,11879,11676,10078,9799,9985,10260,11090,12037,12868,12977,13812,14845,14145,13848,14950,14974,13382,12067,11639,12440,12064,12414,12913,13176,12777,13423,14350,16320,17100,15724,15866,14646,14115,13313,12507,11818,11438,11061,13057,12843,11533,13710,14362,11639,11742,12447,12585,12382,12745,12329,11201,10514,10183
27,0,0,0,0,0,0,0,0,0,0,0,0,0,0,0,0,0,0,0,0,0,0,0,0,0,0,0,8369,9022,10959,11016,10996,9792,8365,8854,10665,11138,12406,14183,13137,14297,12914,13448,13855,13865,13148,13117,12450,11353,11256,9748,9074,9508,9683,10525,11403,12393,12221,13184,14437,13641,13805,14224,14854,13152,12149,12360,12307,12053,12486,12715,12819,12030,13198,13566,15942,16995,15967,15484,14258,13524,13636,12906,11922,11847,11876,12920,12886,11353,13538,14623,11144,11387,12089,12299,12183,12522,11919,10819,10142,9891
28,0,0,0,0,0,0,0,0,0,0,0,0,0,0,0,0,0,0,0,0,0,0,0,0,0,0,0,0,8936,10627,10920,11176,10365,9112,9431,9966,11312,11928,12563,12612,12738,13177,13622,13686,13734,12995,12918,12123,11152,11109,9685,9418,9299,9775,10551,11398,12292,11931,12983,14293,13476,13616,14227,14597,13245,12399,12254,13055,12518,12861,12848,12914,12290,13080,13409,15498,16557,15881,15797,14247,13687,13180,12956,12489,12342,11768,13089,12575,11239,13597,14874,11086,11330,12321,12477,12516,12724,12419,11322,10864,10393
29,0,0,0,0,0,0,0,0,0,0,0,0,0,0,0,0,0,0,0,0,0,0,0,0,0,0,0,0,0,0,0,0,0,0,0,0,0,0,0,0,0,0,0,0,0,0,0,0,0,0,0,0,0,0,0,0,0,0,0,0,0,0,0,0,0,0,0,0,0,0,0,0,0,0,0,0,0,0,0,0,0,0,0,0,0,0,0,0,0,0,0,0,0,0,0,0,0,0,0,0,0
30,0,0,0,0,0,0,0,0,0,0,0,0,0,0,0,0,0,0,0,0,0,0,0,0,0,0,0,0,0,0,0,12502,0,0,0,0,0,3352,0,0,0,0,0,0,13102,0,0,0,0,0,0,0,0,0,0,0,0,0,0,0,0,0,0,0,0,0,0,0,0,0,0,0,0,0,0,0,0,0,0,0,0,0,0,0,0,0,0,0,0,0,0,0,0,0,0,0,0,0,0,0,0
31,0,0,0,0,0,0,0,0,0,0,0,0,0,0,0,0,0,0,0,0,0,0,0,0,0,0,0,0,0,0,0,12845,14534,13498,14290,14166,11558,10676,9615,10458,10216,11590,11921,12763,13325,13444,12750,12369,12443,13000,13038,13091,12950,12058,11886,12194,12683,12010,12090,14149,14015,14503,16191,16745,14901,14266,15157,17503,17747,17187,17309,16840,16080,15842,15740,14716,14991,14346,13971,13537,13593,13676,14308,14101,13970,12946,15332,14808,14416,16722,17137,14603,14664,15843,17308,17201,17894,17175,15978,15714,15339
32,0,0,0,0,0,0,0,0,0,0,0,0,0,0,0,0,0,0,0,0,0,0,0,0,0,0,0,0,0,0,0,0,15902,15655,17174,14949,13025,10748,8969,8018,10635,10381,11512,12145,12720,13134,15648,15035,15371,16371,17128,16731,16479,15774,14955,14447,14322,13897,13492,15313,15517,16377,17163,17980,15744,15528,16825,19470,19396,18753,18646,18085,17649,17566,16602,14903,14950,13728,14111,14557,15160,14822,14689,14795,14768,12579,15658,14309,15389,18184,17987,15109,14486,16851,19536,19829,20653,20737,19616,19136,18889
33,0,0,0,0,0,0,0,0,0,0,0,0,0,0,0,0,0,0,0,0,0,0,0,0,0,0,0,0,0,0,0,0,0,16380,17754,15386,13105,11011,9083,8314,8291,9058,9052,11571,10882,12935,13872,16214,16444,17288,18027,17647,17486,16927,16175,15273,15274,13850,14634,16311,16320,16624,17055,17427,15750,16224,17332,19542,19533,19102,18947,18643,18314,18365,17386,15335,15484,14297,14818,14718,15099,14709,14864,15235,14190,13649,13426,11621,14842,18487,18367,15841,15968,18336,20556,20910,21721,21461,20726,20500,19640
34,0,0,0,0,0,0,0,0,0,0,0,0,0,0,0,0,0,0,0,0,0,0,0,0,0,0,0,0,0,0,0,0,0,0,14737,12179,10623,9220,8721,9109,8438,5974,7527,7489,9452,9213,12112,12482,15160,15566,15383,15260,14918,14142,13627,13129,13815,13086,13318,14211,14601,15453,15874,16329,15248,15116,16769,18212,17544,17536,18257,18226,18094,17832,17203,17139,16593,15209,14865,14589,14286,14265,14782,14842,13826,13958,14990,14767,16744,19327,19071,17601,17973,19349,20502,20861,20682,19979,19226,18946,18631
35,0,0,0,0,0,0,0,0,0,0,0,0,0,0,0,0,0,0,0,0,0,0,0,0,0,0,0,0,0,0,0,0,0,0,0,10398,9117,9269,9160,8638,8182,8058,7199,7120,5792,7075,8300,11601,11015,12010,11775,11514,11651,10811,10429,10294,11695,10574,11154,11124,11011,11512,12390,13045,12575,12748,13784,15048,14109,14620,15509,15798,14947,15756,15341,15689,15398,14384,13580,11754,11474,12135,12850,14115,15648,16147,17010,16660,16315,17985,18188,16212,16103,18166,18340,17657,17261,16263,15389,15211,15344
36,0,0,0,0,0,0,0,0,0,0,0,0,0,0,0,0,0,0,0,0,0,0,0,0,0,0,0,0,0,0,0,0,0,0,0,0,8042,8618,8797,8830,8440,7757,7744,7093,7604,6863,8481,8924,10899,10582,10000,9441,9524,8924,8507,8703,10451,9138,10571,9573,9351,10257,10632,11844,11811,12151,12868,14349,12861,12898,13946,14710,13948,14087,14006,15277,15519,13938,12991,10903,10111,11085,12416,13099,14817,16227,16428,16124,16085,17594,18274,16561,16049,17278,17062,16511,15479,14085,12761,12752,13100
37,0,0,0,0,0,0,0,0,0,0,0,0,0,0,0,0,0,0,0,0,0,0,0,0,0,0,0,0,0,0,0,0,0,0,0,0,0,8022,8632,8381,8319,7695,7467,7812,7171,7986,7714,9309,9645,11280,9557,9864,9729,9312,8746,8880,10052,9545,10435,10280,9999,10120,10617,11590,11756,12244,13519,15001,13090,13464,14285,15052,14172,14470,13835,14981,15566,13780,12934,11256,10881,12055,13104,14224,15526,16598,17352,17278,16831,18152,19552,17179,16618,17747,17265,16716,15894,14458,13495,13228,13250
38,0,0,0,0,0,0,0,0,0,0,0,0,0,0,0,0,0,0,0,0,0,0,0,0,0,0,0,0,0,0,0,0,0,0,0,0,0,0,8270,7991,7663,7315,7070,7007,7475,6450,7346,7678,9541,9849,10338,9360,9785,9242,8799,8922,9800,8706,9662,9743,8972,9447,10212,11242,11557,11975,13079,14933,13085,13391,14378,15198,14118,14426,13268,14679,15304,12907,12977,11395,11399,12514,13668,14503,16089,16747,17552,17646,16705,18413,19939,17053,16467,17611,17387,16790,15944,14424,13379,13215,13714
39,0,0,0,0,0,0,0,0,0,0,0,0,0,0,0,0,0,0,0,0,0,0,0,0,0,0,0,0,0,0,0,0,0,0,0,0,0,0,0,7286,7255,6582,6635,6725,6972,6164,5576,6150,7363,8771,8463,8050,8249,8084,7844,7974,9147,8188,8874,8785,7895,8408,9282,10576,11271,12188,13255,14246,12615,12977,13799,14449,13460,13644,13121,14309,14893,12885,12340,10904,10805,11781,13208,14191,15590,16472,17501,16919,16053,17548,19507,15876,15870,17246,16562,15918,14832,13527,12142,12077,11932
40,0,0,0,0,0,0,0,0,0,0,0,0,0,0,0,0,0,0,0,0,0,0,0,0,0,0,0,0,0,0,0,0,0,0,0,0,0,0,0,0,6515,6169,6345,6453,7096,6560,6581,5289,6643,7206,8107,7474,7514,7166,7549,7646,8706,7876,8454,7688,6802,7384,8783,10384,10878,11703,12856,14125,12352,12174,13315,14134,12744,13079,12839,14139,15072,13028,12441,10764,10818,11894,13449,14345,15720,16464,17566,16679,15409,17261,19157,15673,15221,16517,15710,15390,14349,12668,11527,11598,11483
41,0,0,0,0,0,0,0,0,0,0,0,0,0,0,0,0,0,0,0,0,0,0,0,0,0,0,0,0,0,0,0,0,0,0,0,0,0,0,0,0,0,6319,6338,6826,6960,6467,6968,6162,5069,7738,7230,6759,5988,6404,6739,7135,8201,7752,7879,7491,6302,6900,8458,9842,10429,11013,11813,13237,11366,11842,12718,13293,12361,12477,12705,13975,14879,12716,12169,10541,10379,11627,12980,14166,15705,16208,17266,16644,14866,16662,18718,14645,14628,15837,15024,14515,13593,12070,10691,10553,10901
42,0,0,0,0,0,0,0,0,0,0,0,0,0,0,0,0,0,0,0,0,0,0,0,0,0,0,0,0,0,0,0,0,0,0,0,0,0,0,0,0,0,0,5962,6873,7065,6788,7354,6929,8543,7559,7970,5859,6653,5999,6410,6536,7936,7386,7643,7329,6156,6970,8631,10465,10636,11497,12937,14175,12063,12409,13306,13831,12393,12755,12826,13910,14883,13063,12212,10632,10510,11777,13149,14512,16023,16753,17476,16568,15078,16850,18975,15065,14834,16172,15436,15004,14136,12478,11195,11347,11421
43,0,0,0,0,0,0,0,0,0,0,0,0,0,0,0,0,0,0,0,0,0,0,0,0,0,0,0,0,0,0,0,0,0,0,0,0,0,0,0,0,0,0,0,6683,7006,7024,8277,8365,9908,8926,8227,7272,6489,6491,6339,6528,6511,7208,7571,7297,6539,7237,8934,10613,11368,12081,13221,14635,12489,12783,13639,14227,12791,12888,12876,13489,14690,12833,12026,10458,10535,11614,13139,14396,15781,16255,17629,16709,15311,17228,19121,15265,15235,16481,16180,15464,14456,13059,11836,11882,12211
44,0,0,0,0,0,0,0,0,0,0,0,0,0,0,0,0,0,0,0,0,0,0,0,0,0,0,0,0,0,0,0,0,0,0,0,0,0,0,0,0,0,0,0,0,6234,6834,8125,8489,10358,9236,8080,6624,6483,5520,5902,5136,6253,6713,7467,7259,6867,7491,9408,10943,11502,12301,13658,14819,12750,13464,13948,14553,12991,12928,13098,13987,14126,12244,11470,9997,10120,11286,12687,14126,15461,15928,17577,16206,15493,17192,19357,15918,15377,16738,16270,15609,14597,13358,12164,11902,12181
45,0,0,0,0,0,0,0,0,0,0,0,0,0,0,0,0,0,0,0,0,0,0,0,0,0,0,0,0,0,0,0,0,0,0,0,0,0,0,0,0,0,0,0,0,0,6063,8015,8649,10050,8776,7906,6453,5783,5718,4589,5738,5490,6040,5711,7904,6979,7946,9701,11301,11977,12484,13588,15171,12531,13173,13987,14342,12800,12907,12903,13372,13990,11715,11032,9323,9461,10809,11966,13574,14953,15303,17027,15984,15055,16891,19191,15544,15103,16566,15999,15426,14511,12970,11708,11686,11710
46,0,0,0,0,0,0,0,0,0,0,0,0,0,0,0,0,0,0,0,0,0,0,0,0,0,0,0,0,0,0,0,0,0,0,0,0,0,0,0,0,0,0,0,0,0,0,7157,7811,9307,7971,7123,5859,5271,4133,4915,4553,5806,5158,6956,7307,8081,9085,10536,12230,12297,13099,14311,15657,13693,14060,15005,14905,13616,13598,13226,13597,14051,11532,10856,9478,9791,11049,12286,13532,14775,14518,16650,16163,15412,17222,19405,15608,15698,16806,16322,16065,15439,14173,12831,12514,12704
47,0,0,0,0,0,0,0,0,0,0,0,0,0,0,0,0,0,0,0,0,0,0,0,0,0,0,0,0,0,0,0,0,0,0,0,0,0,0,0,0,0,0,0,0,0,0,0,7960,8726,7513,6583,5612,5089,1944,4132,6150,4918,6247,2688,8595,0,2406,12037,12991,13227,11708,14132,0,14492,14914,15590,15577,14319,13813,13612,13887,14007,12015,11201,9906,8541,11093,12269,13408,0,8330,16609,6864,14956,16967,18910,15341,15253,16594,7755,11392,16053,7339,13368,12787,7152
48,0,0,0,0,0,0,0,0,0,0,0,0,0,0,0,0,0,0,0,0,0,0,0,0,0,0,0,0,0,0,0,0,0,0,0,0,0,0,0,0,0,0,0,0,0,0,0,0,7045,5768,5668,4891,3851,3199,4865,4541,6890,4842,7023,9648,9043,9154,12768,13497,12999,12772,13686,15697,13615,14161,14788,15276,14238,14110,13878,14629,14463,12248,11695,10090,10353,10961,11675,12558,14622,14335,15896,14998,14365,16355,18450,14684,14601,15898,15714,15263,15453,13953,12744,12038,11932
49,0,0,0,0,0,0,0,0,0,0,0,0,0,0,0,0,0,0,0,0,0,0,0,0,0,0,0,0,0,0,0,0,0,0,0,0,0,0,0,0,0,0,0,0,0,0,0,0,0,6561,5980,4531,3840,3596,5103,6220,5237,6541,6216,9300,8137,10949,11927,14430,13546,12676,12939,14605,13276,13539,14422,15292,14328,15177,14691,15411,14591,13066,12203,10350,10017,10839,11553,12136,14649,14509,16063,15600,14932,17064,18536,14435,14417,15891,15369,15372,14769,13809,12221,11758,11641
50,0,0,0,0,0,0,0,0,0,0,0,0,0,0,0,0,0,0,0,0,0,0,0,0,0,0,0,0,0,0,0,0,0,0,0,0,0,0,0,0,0,0,0,0,0,0,0,0,0,0,4112,3627,3246,3558,5853,6394,6947,5718,6099,7325,8389,8186,10149,11652,10223,10219,11167,11070,9044,9678,10699,11864,11000,12476,13905,15873,16105,13813,12765,9813,9217,10539,10832,12012,15129,14619,16109,15282,13318,15595,17221,12682,12425,13504,12599,11786,11091,9518,8165,8113,8158
51,0,0,0,0,0,0,0,0,0,0,0,0,0,0,0,0,0,0,0,0,0,0,0,0,0,0,0,0,0,0,0,0,0,0,0,0,0,0,0,0,0,0,0,0,0,0,0,0,0,0,0,4021,3625,3407,5101,6075,6331,6114,4921,7375,6239,8285,7830,10377,9481,9674,10430,10693,8195,8582,9901,10952,10073,11832,13200,15803,15953,14018,12669,9618,8931,10121,10684,11960,14992,14761,15969,15028,12898,15083,16736,12314,12219,12924,11953,11143,10059,8863,7352,7075,7232
52,0,0,0,0,0,0,0,0,0,0,0,0,0,0,0,0,0,0,0,0,0,0,0,0,0,0,0,0,0,0,0,0,0,0,0,0,0,0,0,0,0,0,0,0,0,0,0,0,0,0,0,0,2745,3080,4220,5609,6331,6961,6666,6409,7549,7538,8603,10220,9301,9341,10754,10885,8532,9014,10023,11443,10383,11767,13179,15566,16049,13784,12359,9242,8518,9722,10162,11818,14567,14377,15764,14846,13143,15470,17002,12489,12594,13039,12120,11429,10683,8641,7678,7423,7720
53,0,0,0,0,0,0,0,0,0,0,0,0,0,0,0,0,0,0,0,0,0,0,0,0,0,0,0,0,0,0,0,0,0,0,0,0,0,0,0,0,0,0,0,0,0,0,0,0,0,0,0,0,0,2586,3535,5366,6183,7021,7226,7223,7282,8657,8020,8239,9093,10166,9630,11217,8575,9239,10164,11847,10654,12113,12742,14865,15392,12935,11497,8250,7356,8671,9567,11210,13881,14282,15554,14544,13433,15792,17536,12717,12523,13733,12507,11716,10836,9139,7797,7867,8170
54,0,0,0,0,0,0,0,0,0,0,0,0,0,0,0,0,0,0,0,0,0,0,0,0,0,0,0,0,0,0,0,0,0,0,0,0,0,0,0,0,0,0,0,0,0,0,0,0,0,0,0,0,0,0,0,0,0,0,0,0,0,0,0,0,0,0,0,0,0,0,0,0,0,0,0,0,0,0,0,0,0,0,0,0,0,0,0,0,0,0,0,0,0,0,0,0,0,0,0,0,0
55,0,0,0,0,0,0,0,0,0,0,0,0,0,0,0,0,0,0,0,0,0,0,0,0,0,0,0,0,0,0,0,0,0,0,0,0,0,0,0,0,0,0,0,0,0,0,0,0,0,0,0,0,0,0,0,5047,6256,6955,6442,6559,7504,8528,6924,8438,6007,7849,12054,12744,11594,11546,12967,13688,12803,13169,13457,13815,14082,11751,10152,7106,6870,8186,9524,10939,13000,13249,15666,14867,14685,16620,17799,13751,14191,15338,14849,14484,13322,11747,10479,10338,10760
56,0,0,0,0,0,0,0,0,0,0,0,0,0,0,0,0,0,0,0,0,0,0,0,0,0,0,0,0,0,0,0,0,0,0,0,0,0,0,0,0,0,0,0,0,0,0,0,0,0,0,0,0,0,0,0,0,6443,6354,6415,7276,8199,8869,8639,6706,8051,6001,10666,12376,10862,12220,14393,14980,13558,13538,13968,13575,13524,11236,10259,8389,8688,9801,10995,12358,12962,13185,15665,14176,14660,16942,18006,14123,14247,15946,16004,15539,15096,13727,12227,12362,12259
57,0,0,0,0,0,0,0,0,0,0,0,0,0,0,0,0,0,0,0,0,0,0,0,0,0,0,0,0,0,0,0,0,0,0,0,0,0,0,0,0,0,0,0,0,0,0,0,0,0,0,0,0,0,0,0,0,0,6224,7073,7746,8378,9066,8522,9007,8298,9566,8882,11186,9468,11510,13189,14352,13171,13119,13221,13192,13063,10564,9729,8495,8692,9852,11032,11604,12255,12445,14420,13886,13539,16417,16759,12449,12748,14967,15882,15141,14825,13284,11923,11874,12065
58,0,0,0,0,0,0,0,0,0,0,0,0,0,0,0,0,0,0,0,0,0,0,0,0,0,0,0,0,0,0,0,0,0,0,0,0,0,0,0,0,0,0,0,0,0,0,0,0,0,0,0,0,0,0,0,0,0,0,8100,8717,8917,9598,10765,10685,10879,10129,9018,9485,9525,10121,11827,12409,13375,13324,13295,11819,11515,10675,10620,9711,10015,11483,12503,12761,13022,13378,13743,12691,13988,16514,18145,13857,13316,15325,16357,16035,15781,14698,13545,13425,13356
59,0,0,0,0,0,0,0,0,0,0,0,0,0,0,0,0,0,0,0,0,0,0,0,0,0,0,0,0,0,0,0,0,0,0,0,0,0,0,0,0,0,0,0,0,0,0,0,0,0,0,0,0,0,0,0,0,0,0,0,9152,9218,10002,10313,11133,11441,11338,9352,9862,9450,11531,12256,12344,12093,13477,13333,12357,13253,11871,11472,11232,11282,12292,13451,14696,14254,13560,15371,14811,14911,16907,18358,14717,14828,16673,16980,16328,16255,15282,14153,14371,14114
60,0,0,0,0,0,0,0,0,0,0,0,0,0,0,0,0,0,0,0,0,0,0,0,0,0,0,0,0,0,0,0,0,0,0,0,0,0,0,0,0,0,0,0,0,0,0,0,0,0,0,0,0,0,0,0,0,0,0,0,0,7543,8600,9748,10701,11199,10705,10492,8488,9536,10058,10160,10470,10307,10845,12292,12524,14364,12054,11689,11243,11414,12247,13715,14489,14266,14275,14943,13698,13612,15711,17501,13312,13287,15107,15130,14934,14358,13449,12692,12480,12605
61,0,0,0,0,0,0,0,0,0,0,0,0,0,0,0,0,0,0,0,0,0,0,0,0,0,0,0,0,0,0,0,0,0,0,0,0,0,0,0,0,0,0,0,0,0,0,0,0,0,0,0,0,0,0,0,0,0,0,0,0,0,7091,8640,9876,10240,10550,10861,9774,8456,10671,9673,10484,9169,10321,9937,13465,14972,12889,12908,12074,12453,13604,14617,14949,15063,14581,15080,13259,13175,15006,16553,13181,12654,14501,14365,14254,13373,12354,11854,11996,12150
62,0,0,0,0,0,0,0,0,0,0,0,0,0,0,0,0,0,0,0,0,0,0,0,0,0,0,0,0,0,0,0,0,0,0,0,0,0,0,0,0,0,0,0,0,0,0,0,0,0,0,0,0,0,0,0,0,0,0,0,0,0,0,6495,8414,8684,8824,9196,7225,6928,7551,7956,9498,9900,8696,10885,11400,16066,13777,14174,13711,13866,14616,15761,15312,14712,14382,14445,13126,13650,15278,15956,12296,12230,14019,14128,14289,13526,12418,12283,12446,12404
63,0,0,0,0,0,0,0,0,0,0,0,0,0,0,0,0,0,0,0,0,0,0,0,0,0,0,0,0,0,0,0,0,0,0,0,0,0,0,0,0,0,0,0,0,0,0,0,0,0,0,0,0,0,0,0,0,0,0,0,0,0,0,0,7318,7752,9120,8607,5806,5445,7139,5717,8109,8209,10627,10159,13465,12678,14826,15163,14525,14752,15353,16202,16338,15101,14363,14947,14058,14010,14756,15351,12962,12358,13759,13923,13926,13481,12588,12483,12306,12557
64,0,0,0,0,0,0,0,0,0,0,0,0,0,0,0,0,0,0,0,0,0,0,0,0,0,0,0,0,0,0,0,0,0,0,0,0,0,0,0,0,0,0,0,0,0,0,0,0,0,0,0,0,0,0,0,0,0,0,0,0,0,0,0,0,6648,7088,6927,4362,3446,4931,4016,4870,7241,7605,10070,9017,12193,10696,15457,14732,14025,14763,15029,14633,14091,13511,12340,11498,11998,13542,13964,11658,10751,12080,12707,12352,11677,11395,10602,10791,10879
65,0,0,0,0,0,0,0,0,0,0,0,0,0,0,0,0,0,0,0,0,0,0,0,0,0,0,0,0,0,0,0,0,0,0,0,0,0,0,0,0,0,0,0,0,0,0,0,0,0,0,0,0,0,0,0,0,0,0,0,0,0,0,0,0,0,5772,4979,4179,4752,5939,5370,5711,6549,8916,7725,8836,9557,11675,11146,14341,14049,14183,14399,13970,13748,12970,11377,9836,10853,13026,13132,10750,10185,11201,11732,11672,11129,10562,10458,10045,10304
66,0,0,0,0,0,0,0,0,0,0,0,0,0,0,0,0,0,0,0,0,0,0,0,0,0,0,0,0,0,0,0,0,0,0,0,0,0,0,0,0,0,0,0,0,0,0,0,0,0,0,0,0,0,0,0,0,0,0,0,0,0,0,0,0,0,0,0,0,0,0,0,0,0,0,0,0,0,0,0,0,0,0,0,0,0,0,0,0,0,0,0,0,0,0,0,0,0,0,0,0,0
67,0,0,0,0,0,0,0,0,0,0,0,0,0,0,0,0,0,0,0,0,0,0,0,0,0,0,0,0,0,0,0,0,0,0,0,0,0,0,0,0,0,0,0,0,0,0,0,0,0,0,0,0,0,0,0,0,0,0,0,0,0,0,0,0,0,0,0,7187,7428,6641,7961,7903,9633,11162,10577,11952,11208,11883,13723,14854,14145,16280,15468,15622,16146,15031,13971,13412,13284,14655,13754,11354,12220,12247,12013,11852,11516,11265,10696,10441,10597
68,0,0,0,0,0,0,0,0,0,0,0,0,0,0,0,0,0,0,0,0,0,0,0,0,0,0,0,0,0,0,0,0,0,0,0,0,0,0,0,0,0,0,0,0,0,0,0,0,0,0,0,0,0,0,0,0,0,0,0,0,0,0,0,0,0,0,0,0,8916,8253,9342,9599,11129,12300,12626,9380,10502,9103,11809,11876,13381,13950,14577,15087,16212,15000,14269,13265,13184,14416,14176,11452,11396,11988,11466,11066,10330,9560,9166,9133,9358
69,0,0,0,0,0,0,0,0,0,0,0,0,0,0,0,0,0,0,0,0,0,0,0,0,0,0,0,0,0,0,0,0,0,0,0,0,0,0,0,0,0,0,0,0,0,0,0,0,0,0,0,0,0,0,0,0,0,0,0,0,0,0,0,0,0,0,0,0,0,9675,9275,9822,11146,12553,12911,12258,7461,9029,9015,11783,12795,13897,13811,15285,16061,14837,13986,12996,13064,14252,14274,11560,11781,11664,11308,11158,10299,9782,9277,9355,9729
70,0,0,0,0,0,0,0,0,0,0,0,0,0,0,0,0,0,0,0,0,0,0,0,0,0,0,0,0,0,0,0,0,0,0,0,0,0,0,0,0,0,0,0,0,0,0,0,0,0,0,0,0,0,0,0,0,0,0,0,0,0,0,0,0,0,0,0,0,0,0,7892,8832,10261,11568,12860,12326,9855,6664,8768,9564,12242,13382,14321,15833,15971,14451,13262,12590,12729,13930,13779,11046,11199,11542,11378,11355,10642,9983,9853,10309,10475
71,0,0,0,0,0,0,0,0,0,0,0,0,0,0,0,0,0,0,0,0,0,0,0,0,0,0,0,0,0,0,0,0,0,0,0,0,0,0,0,0,0,0,0,0,0,0,0,0,0,0,0,0,0,0,0,0,0,0,0,0,0,0,0,0,0,0,0,0,0,0,0,7228,8527,10195,11357,11355,9640,6734,6308,8920,10461,12224,13388,13127,13782,14098,13281,12523,12260,13487,13533,11264,11296,11901,11628,11721,11239,10941,10924,11116,11471
72,0,0,0,0,0,0,0,0,0,0,0,0,0,0,0,0,0,0,0,0,0,0,0,0,0,0,0,0,0,0,0,0,0,0,0,0,0,0,0,0,0,0,0,0,0,0,0,0,0,0,0,0,0,0,0,0,0,0,0,0,0,0,0,0,0,0,0,0,0,0,0,0,7461,9531,11251,11004,9024,7257,6603,5449,8866,10321,11678,12303,11928,13007,13149,12415,11321,12439,12564,10047,10089,11281,11162,11042,10677,10247,10254,10558,11041
73,0,0,0,0,0,0,0,0,0,0,0,0,0,0,0,0,0,0,0,0,0,0,0,0,0,0,0,0,0,0,0,0,0,0,0,0,0,0,0,0,0,0,0,0,0,0,0,0,0,0,0,0,0,0,0,0,0,0,0,0,0,0,0,0,0,0,0,0,0,0,0,0,0,9072,10712,11104,11750,9469,9179,9475,8351,10754,10315,10874,11779,11553,11645,12530,12022,13085,13973,10718,11074,12369,12248,12254,12063,11831,11784,11703,12470
74,0,0,0,0,0,0,0,0,0,0,0,0,0,0,0,0,0,0,0,0,0,0,0,0,0,0,0,0,0,0,0,0,0,0,0,0,0,0,0,0,0,0,0,0,0,0,0,0,0,0,0,0,0,0,0,0,0,0,0,0,0,0,0,0,0,0,0,0,0,0,0,0,0,0,11025,12261,12416,11751,11271,11708,11738,10349,12832,8578,10103,10114,12622,11232,13044,14257,14667,12842,13191,13991,14408,14609,14291,14368,13988,13575,13425
75,0,0,0,0,0,0,0,0,0,0,0,0,0,0,0,0,0,0,0,0,0,0,0,0,0,0,0,0,0,0,0,0,0,0,0,0,0,0,0,0,0,0,0,0,0,0,0,0,0,0,0,0,0,0,0,0,0,0,0,0,0,0,0,0,0,0,0,0,0,0,0,0,0,0,0,14117,14659,13619,13340,14394,13643,13823,10136,8762,5301,7993,10472,11363,12695,16806,17122,12752,13346,15237,17398,17674,18035,17832,17169,17432,17256
76,0,0,0,0,0,0,0,0,0,0,0,0,0,0,0,0,0,0,0,0,0,0,0,0,0,0,0,0,0,0,0,0,0,0,0,0,0,0,0,0,0,0,0,0,0,0,0,0,0,0,0,0,0,0,0,0,0,0,0,0,0,0,0,0,0,0,0,0,0,0,0,0,0,0,0,0,13955,13393,13570,13990,13883,14032,10907,6550,6458,8073,10481,11620,13114,16021,16517,13811,14797,16430,19159,19866,19707,19718,19192,19093,19019
77,0,0,0,0,0,0,0,0,0,0,0,0,0,0,0,0,0,0,0,0,0,0,0,0,0,0,0,0,0,0,0,0,0,0,0,0,0,0,0,0,0,0,0,0,0,0,0,0,0,0,0,0,0,0,0,0,0,0,0,0,0,0,0,0,0,0,0,0,0,0,0,0,0,0,0,0,0,12078,13001,13877,13769,13957,11588,9201,3685,5098,8386,9882,11200,14405,14414,14187,14292,16297,18875,19722,20125,19364,18556,17824,17606
78,0,0,0,0,0,0,0,0,0,0,0,0,0,0,0,0,0,0,0,0,0,0,0,0,0,0,0,0,0,0,0,0,0,0,0,0,0,0,0,0,0,0,0,0,0,0,0,0,0,0,0,0,0,0,0,0,0,0,0,0,0,0,0,0,0,0,0,0,0,0,0,0,0,0,0,0,0,0,11710,12127,12049,12592,10459,8463,8396,5803,10371,9950,11409,13782,14874,12082,16519,18825,20152,19970,19627,18477,17437,17460,16960
79,0,0,0,0,0,0,0,0,0,0,0,0,0,0,0,0,0,0,0,0,0,0,0,0,0,0,0,0,0,0,0,0,0,0,0,0,0,0,0,0,0,0,0,0,0,0,0,0,0,0,0,0,0,0,0,0,0,0,0,0,0,0,0,0,0,0,0,0,0,0,0,0,0,0,0,0,0,0,0,9854,9986,10666,9788,10637,10382,12345,11799,13109,11769,14103,13382,13656,16132,18899,18864,18165,17429,16055,14707,14666,14557
80,0,0,0,0,0,0,0,0,0,0,0,0,0,0,0,0,0,0,0,0,0,0,0,0,0,0,0,0,0,0,0,0,0,0,0,0,0,0,0,0,0,0,0,0,0,0,0,0,0,0,0,0,0,0,0,0,0,0,0,0,0,0,0,0,0,0,0,0,0,0,0,0,0,0,0,0,0,0,0,0,9237,9698,11074,11606,14777,16001,16926,14768,14497,13218,14724,10419,15911,17920,18561,17680,16661,15248,14132,14086,14023
81,0,0,0,0,0,0,0,0,0,0,0,0,0,0,0,0,0,0,0,0,0,0,0,0,0,0,0,0,0,0,0,0,0,0,0,0,0,0,0,0,0,0,0,0,0,0,0,0,0,0,0,0,0,0,0,0,0,0,0,0,0,0,0,0,0,0,0,0,0,0,0,0,0,0,0,0,0,0,0,0,0,9382,11371,11881,15139,16219,17334,16587,13086,14542,9784,12479,14454,15975,17012,18102,17547,16308,15129,14687,14301
82,0,0,0,0,0,0,0,0,0,0,0,0,0,0,0,0,0,0,0,0,0,0,0,0,0,0,0,0,0,0,0,0,0,0,0,0,0,0,0,0,0,0,0,0,0,0,0,0,0,0,0,0,0,0,0,0,0,0,0,0,0,0,0,0,0,0,0,0,0,0,0,0,0,0,0,0,0,0,0,0,0,0,0,0,0,0,0,0,0,0,0,0,0,0,0,0,0,0,0,0,0
83,0,0,0,0,0,0,0,0,0,0,0,0,0,0,0,0,0,0,0,0,0,0,0,0,0,0,0,0,0,0,0,0,0,0,0,0,0,0,0,0,0,0,0,0,0,0,0,0,0,0,0,0,0,0,0,0,0,0,0,0,0,0,0,0,0,0,0,0,0,0,0,0,0,0,0,0,0,0,0,0,0,0,0,11768,14981,15390,16387,16299,13947,12722,9652,10312,10700,12397,14471,15232,17527,17533,15857,15453,15086
84,0,0,0,0,0,0,0,0,0,0,0,0,0,0,0,0,0,0,0,0,0,0,0,0,0,0,0,0,0,0,0,0,0,0,0,0,0,0,0,0,0,0,0,0,0,0,0,0,0,0,0,0,0,0,0,0,0,0,0,0,0,0,0,0,0,0,0,0,0,0,0,0,0,0,0,0,0,0,0,0,0,0,0,0,14084,14983,15979,16117,13979,11783,12905,9500,9743,9031,11724,14015,15267,17490,18080,17518,16859
85,0,0,0,0,0,0,0,0,0,0,0,0,0,0,0,0,0,0,0,0,0,0,0,0,0,0,0,0,0,0,0,0,0,0,0,0,0,0,0,0,0,0,0,0,0,0,0,0,0,0,0,0,0,0,0,0,0,0,0,0,0,0,0,0,0,0,0,0,0,0,0,0,0,0,0,0,0,0,0,0,0,0,0,0,0,14225,16265,15999,12825,11316,10665,9721,7993,7733,9144,11106,11964,14654,15946,16511,15460
86,0,0,0,0,0,0,0,0,0,0,0,0,0,0,0,0,0,0,0,0,0,0,0,0,0,0,0,0,0,0,0,0,0,0,0,0,0,0,0,0,0,0,0,0,0,0,0,0,0,0,0,0,0,0,0,0,0,0,0,0,0,0,0,0,0,0,0,0,0,0,0,0,0,0,0,0,0,0,0,0,0,0,0,0,0,0,15276,13708,7822,6565,7634,10264,8498,7131,8811,9620,10720,12204,13250,14457,15602
87,0,0,0,0,0,0,0,0,0,0,0,0,0,0,0,0,0,0,0,0,0,0,0,0,0,0,0,0,0,0,0,0,0,0,0,0,0,0,0,0,0,0,0,0,0,0,0,0,0,0,0,0,0,0,0,0,0,0,0,0,0,0,0,0,0,0,0,0,0,0,0,0,0,0,0,0,0,0,0,0,0,0,0,0,0,0,0,9116,3303,5281,7592,9928,8595,9884,9713,10559,9184,10487,11281,11536,13004
88,0,0,0,0,0,0,0,0,0,0,0,0,0,0,0,0,0,0,0,0,0,0,0,0,0,0,0,0,0,0,0,0,0,0,0,0,0,0,0,0,0,0,0,0,0,0,0,0,0,0,0,0,0,0,0,0,0,0,0,0,0,0,0,0,0,0,0,0,0,0,0,0,0,0,0,0,0,0,0,0,0,0,0,0,0,0,0,0,0,0,0,0,0,0,0,0,0,0,0,0,0
89,0,0,0,0,0,0,0,0,0,0,0,0,0,0,0,0,0,0,0,0,0,0,0,0,0,0,0,0,0,0,0,0,0,0,0,0,0,0,0,0,0,0,0,0,0,0,0,0,0,0,0,0,0,0,0,0,0,0,0,0,0,0,0,0,0,0,0,0,0,0,0,0,0,0,0,0,0,0,0,0,0,0,0,0,0,0,0,0,0,10181,13255,12982,12798,12573,12668,12763,13454,13886,13549,14017,14188
90,0,0,0,0,0,0,0,0,0,0,0,0,0,0,0,0,0,0,0,0,0,0,0,0,0,0,0,0,0,0,0,0,0,0,0,0,0,0,0,0,0,0,0,0,0,0,0,0,0,0,0,0,0,0,0,0,0,0,0,0,0,0,0,0,0,0,0,0,0,0,0,0,0,0,0,0,0,0,0,0,0,0,0,0,0,0,0,0,0,0,11248,11821,12207,11707,12845,13386,14383,14388,14701,13364,14692
91,0,0,0,0,0,0,0,0,0,0,0,0,0,0,0,0,0,0,0,0,0,0,0,0,0,0,0,0,0,0,0,0,0,0,0,0,0,0,0,0,0,0,0,0,0,0,0,0,0,0,0,0,0,0,0,0,0,0,0,0,0,0,0,0,0,0,0,0,0,0,0,0,0,0,0,0,0,0,0,0,0,0,0,0,0,0,0,0,0,0,0,10494,11070,10014,10894,11446,11849,12284,12039,11931,11496
92,0,0,0,0,0,0,0,0,0,0,0,0,0,0,0,0,0,0,0,0,0,0,0,0,0,0,0,0,0,0,0,0,0,0,0,0,0,0,0,0,0,0,0,0,0,0,0,0,0,0,0,0,0,0,0,0,0,0,0,0,0,0,0,0,0,0,0,0,0,0,0,0,0,0,0,0,0,0,0,0,0,0,0,0,0,0,0,0,0,0,0,0,10617,10554,11133,11796,12625,13240,13175,12563,13052
93,0,0,0,0,0,0,0,0,0,0,0,0,0,0,0,0,0,0,0,0,0,0,0,0,0,0,0,0,0,0,0,0,0,0,0,0,0,0,0,0,0,0,0,0,0,0,0,0,0,0,0,0,0,0,0,0,0,0,0,0,0,0,0,0,0,0,0,0,0,0,0,0,0,0,0,0,0,0,0,0,0,0,0,0,0,0,0,0,0,0,0,0,0,10873,11730,12695,12883,13646,13719,13771,12909
94,0,0,0,0,0,0,0,0,0,0,0,0,0,0,0,0,0,0,0,0,0,0,0,0,0,0,0,0,0,0,0,0,0,0,0,0,0,0,0,0,0,0,0,0,0,0,0,0,0,0,0,0,0,0,0,0,0,0,0,0,0,0,0,0,0,0,0,0,0,0,0,0,0,0,0,0,0,0,0,0,0,0,0,0,0,0,0,0,0,0,0,0,0,0,9977,10406,10961,11475,11359,11609,11521
95,0,0,0,0,0,0,0,0,0,0,0,0,0,0,0,0,0,0,0,0,0,0,0,0,0,0,0,0,0,0,0,0,0,0,0,0,0,0,0,0,0,0,0,0,0,0,0,0,0,0,0,0,0,0,0,0,0,0,0,0,0,0,0,0,0,0,0,0,0,0,0,0,0,0,0,0,0,0,0,0,0,0,0,0,0,0,0,0,0,0,0,0,0,0,0,9260,9538,9417,9372,9401,9237
96,0,0,0,0,0,0,0,0,0,0,0,0,0,0,0,0,0,0,0,0,0,0,0,0,0,0,0,0,0,0,0,0,0,0,0,0,0,0,0,0,0,0,0,0,0,0,0,0,0,0,0,0,0,0,0,0,0,0,0,0,0,0,0,0,0,0,0,0,0,0,0,0,0,0,0,0,0,0,0,0,0,0,0,0,0,0,0,0,0,0,0,0,0,0,0,0,8377,8906,8875,8919,8722
97,0,0,0,0,0,0,0,0,0,0,0,0,0,0,0,0,0,0,0,0,0,0,0,0,0,0,0,0,0,0,0,0,0,0,0,0,0,0,0,0,0,0,0,0,0,0,0,0,0,0,0,0,0,0,0,0,0,0,0,0,0,0,0,0,0,0,0,0,0,0,0,0,0,0,0,0,0,0,0,0,0,0,0,0,0,0,0,0,0,0,0,0,0,0,0,0,0,7233,7201,7182,7106
98,0,0,0,0,0,0,0,0,0,0,0,0,0,0,0,0,0,0,0,0,0,0,0,0,0,0,0,0,0,0,0,0,0,0,0,0,0,0,0,0,0,0,0,0,0,0,0,0,0,0,0,0,0,0,0,0,0,0,0,0,0,0,0,0,0,0,0,0,0,0,0,0,0,0,0,0,0,0,0,0,0,0,0,0,0,0,0,0,0,0,0,0,0,0,0,0,0,0,5838,5744,5633
99,0,0,0,0,0,0,0,0,0,0,0,0,0,0,0,0,0,0,0,0,0,0,0,0,0,0,0,0,0,0,0,0,0,0,0,0,0,0,0,0,0,0,0,0,0,0,0,0,0,0,0,0,0,0,0,0,0,0,0,0,0,0,0,0,0,0,0,0,0,0,0,0,0,0,0,0,0,0,0,0,0,0,0,0,0,0,0,0,0,0,0,0,0,0,0,0,0,0,0,5522,5474
100,0,0,0,0,0,0,0,0,0,0,0,0,0,0,0,0,0,0,0,0,0,0,0,0,0,0,0,0,0,0,0,0,0,0,0,0,0,0,0,0,0,0,0,0,0,0,0,0,0,0,0,0,0,0,0,0,0,0,0,0,0,0,0,0,0,0,0,0,0,0,0,0,0,0,0,0,0,0,0,0,0,0,0,0,0,0,0,0,0,0,0,0,0,0,0,0,0,0,0,0,4383
101,0,0,0,0,0,0,0,0,0,0,0,0,0,0,0,0,0,0,0,0,0,0,0,0,0,0,0,0,0,0,0,0,0,0,0,0,0,0,0,0,0,0,0,0,0,0,0,0,0,0,0,0,0,0,0,0,0,0,0,0,0,0,0,0,0,0,0,0,0,0,0,0,0,0,0,0,0,0,0,0,0,0,0,0,0,0,0,0,0,0,0,0,0,0,0,0,0,0,0,0,0
