Second Insertion,A,R,N,D,C,E,Q,G,H,I,L,K,M,F,P,S,T,W,Y,V
A,118044,118164,117756,118265,118269,117409,117999,120207,118457,118186,118147,118386,118108,118526,118310,118608,119302,118205,118214,117522
R,117938,119175,117575,118140,118534,118400,118702,117503,118645,118542,118255,118969,118185,119044,118594,118063,117853,118650,119010,118692
N,121671,118903,118279,121360,118150,118088,117753,118007,118568,118830,118645,118752,118403,118614,118464,117978,118464,118578,118242,118163
D,117824,117946,117580,118115,118737,117858,117854,118060,117535,118252,118342,118202,118548,118628,118948,118347,118402,119416,118491,118098
C,118340,118484,117784,118357,118402,119593,118272,117018,118010,118083,117637,118022,118643,118796,119435,117694,119297,117912,118251,117964
E,119654,118217,117482,118604,117913,117451,118052,117744,118104,118051,118697,118734,118984,118602,118204,118137,117886,118992,118600,118129
Q,118255,118585,118198,118505,117964,117752,118878,117693,118737,117977,118451,118139,117991,118450,118773,117622,117871,118795,118041,118186
G,119773,117303,119890,117639,117510,118592,117014,119991,118273,117928,118390,118323,118483,118321,119688,119066,117809,117958,118495,118652
H,118530,118900,118020,118649,118692,118802,118402,118344,118742,118735,117575,118244,118657,118816,118467,118068,118377,119725,119232,118597
I,117712,118960,117728,118797,118639,118249,118024,117770,119184,118377,118643,118067,117860,118307,119066,117586,117684,118903,119272,118133
L,117826,118229,118445,118367,118161,117696,118170,117859,118917,118376,118624,118711,118674,118803,118455,118058,118197,118951,119543,118373
K,118222,118748,117879,118080,118371,118259,118061,118134,118198,119012,118501,118327,118620,118953,118932,118285,117520,118014,119205,118088
M,118844,118345,118190,118421,118098,118249,118261,117784,117764,117589,118596,117754,117875,118921,118777,117810,118584,118664,118618,118522
F,118756,118656,118525,118753,118471,117594,118889,118354,119015,118714,118398,118737,119009,118945,118908,119502,118183,119364,119300,118502
P,118937,117889,117523,117895,117951,117948,118275,118886,118525,117993,118235,117940,118296,118878,117730,118676,117805,118788,118903,118413
S,118045,118678,118159,117676,118029,117167,117926,118064,117781,118720,117422,118164,117631,119067,118270,121411,120099,118266,118259,117063
T,117829,118265,118472,117405,118437,118053,118053,117806,118478,118085,118054,118402,118648,117905,118327,118857,118337,118919,118727,118224
W,118290,118923,118532,117930,118132,118690,118839,118364,118668,118262,118648,118784,119390,119522,118533,118062,118182,118640,119091,118256
Y,118505,119331,118318,118613,118544,118470,118619,118112,118841,118531,119423,119174,118793,118847,119434,118935,118315,119383,119227,118288
V,117795,119043,118266,117754,117860,118528,117400,121196,118064,118225,118172,118184,118412,118900,117708,117129,117636,118601,118907,118012
